filename,label
1.png,Error image
10.png,Normal
100.png,Error
1000.png,Error
1001.png,Error
1002.png,Error
1003.png,Normal
1004.png,Error
1005.png,Error
1006.png,Error
1007.png,Error
1008.png,Error
1009.png,Error
101.png,Normal
1010.png,Error
1011.png,Error
1012.png,Error
1013.png,Error
1014.png,Error
1015.png,Error
1016.png,Normal
1017.png,Error
1018.png,Error
1019.png,Error
102.png,Error
1020.png,Error
1021.png,Normal
1022.png,Normal
1023.png,Error
1024.png,Error
1025.png,Error
1026.png,Normal
1027.png,Normal
1028.png,Normal
1029.png,Normal
103.png,Error
1030.png,Error
1031.png,Error
1032.png,Error
1033.png,Error
1034.png,Error
1035.png,Error
1036.png,Normal
1037.png,Normal
1038.png,Normal
1039.png,Error
104.png,Error
1040.png,Error
1041.png,Normal
1042.png,Normal
1043.png,Error
1044.png,Error
1045.png,Error
1046.png,Error
1047.png,Normal
1048.png,Error
1049.png,Error
105.png,Error
1050.png,Error
1051.png,Error
1052.png,Error
1053.png,Error
1054.png,Error
1055.png,Error
1056.png,Error
1057.png,Error
1058.png,Error
1059.png,Normal
106.png,Error
1060.png,Error
1061.png,Error
1062.png,Error
1063.png,Error
1064.png,Error
1065.png,Error
1066.png,Error
1067.png,Error
1068.png,Error
1069.png,Error
107.png,Error
1070.png,Error
1071.png,Normal
1072.png,Error
1073.png,Normal
1074.png,Normal
1075.png,Error
1076.png,Normal
1077.png,Error
1078.png,Error
1079.png,Error
108.png,Error
1080.png,Error
1081.png,Error
1082.png,Error
1083.png,Error
1084.png,Error
1085.png,Error image
1086.png,Error
1087.png,Normal
1088.png,Error
1089.png,Error
109.png,Error
1090.png,Error
1091.png,Error
1092.png,Error
1093.png,Normal
1094.png,Normal
1095.png,Error
1096.png,Error
1097.png,Normal
1098.png,Error
1099.png,Normal
11.png,Error
110.png,Error
1100.png,Error
1101.png,Error
1102.png,Error
1103.png,Normal
1104.png,Error
1105.png,Error
1106.png,Normal
1107.png,Error
1108.png,Error
1109.png,Error
111.png,Normal
1110.png,Error
1111.png,Error
1112.png,Normal
1113.png,Error
1114.png,Error
1115.png,Error
1116.png,Error
1117.png,Error
1118.png,Error
1119.png,Error
112.png,Error
1120.png,Error
1121.png,Error
1122.png,Error
1123.png,Error image
1124.png,Normal
1125.png,Error
1126.png,Error image
1127.png,Error
1128.png,Error
1129.png,Error
113.png,Error
1130.png,Error
1131.png,Error
1132.png,Error
1133.png,Error
1134.png,Error image
1135.png,Error
1136.png,Error
1137.png,Error image
1138.png,Error image
1139.png,Error
114.png,Error
1140.png,Error
1141.png,Error
1142.png,Error
1143.png,Normal
1144.png,Error
1145.png,Error
1146.png,Error image
1147.png,Error
1148.png,Error
1149.png,Error
115.png,Error
1150.png,Error
1151.png,Error
1152.png,Error
1153.png,Normal
1154.png,Error
1155.png,Error
1156.png,Error
1157.png,Error
1158.png,Error
1159.png,Error
116.png,Error
1160.png,Error
1161.png,Error image
1162.png,Error image
1163.png,Error
1164.png,Error
1165.png,Error
1166.png,Error
1167.png,Error
1168.png,Error
1169.png,Error
117.png,Error
1170.png,Normal
1171.png,Normal
1172.png,Error image
1173.png,Error image
1174.png,Error
1175.png,Error
1176.png,Error
1177.png,Error
1178.png,Normal
1179.png,Error
118.png,Normal
1180.png,Error
1181.png,Error
1182.png,Error
